mlb;sku;gtin_antigo;gtin_novo;title
MLB1552912348;38301;-1;7890000325158;Esteira Para Braço De Sofá Porta Copo Reto Azul Turquesa Azul
MLB2054663587;1960;-1;7890000163163;Bandeja Esteira Para Braço De Sofá Porta Copo Alumínio Azul Azul
MLB1928755449;53808;7908477223904;790847722390;Cabideiro Arara Closet Aéreo Nicho Suspenso Dakar 62cm Preto Preto
MLB2220086021;63455;7908575904415;7908575904422;Pássaro Em Cerâmica Decorativo Rosê 15x18x7 Cm - D'rossi Rose
MLB2214141091;62791;7908477298193;7908477298209;Enfeite De Metal De Parede Preto Coração 30x20x1 Cm
MLB2222678551;63443;;7908575904262;Suporte Decorativo De Madeira Sonhe Branco 6x6x5 Cm Branco
MLB2770314553;70371;7908575946057;7908575998353;Kit 02 Poltronas Giovana Corano Nozes Pés Palito Natural Marrom Liso
MLB2772035695;70663;7908575963825;7908575998223;Kit 01 Namoradeira E 02 Poltronas Giovana Veludo Verde Verde Liso
MLB2772029186;70843;7908575963245;7908575998087;Kit 01 Namoradeira E 01 Poltrona Giovana Veludo Bege Bege Liso
MLB3226997859;77849;;7908670854554;Tábua De Passar Com Balcão 01 Porta Alice Branco 119 Cm Branco
MLB3236272799;63445;7908575904279;7908575904286;Suporte Decorativo De Madeira Gratidão Branco 6x6x5 Cm Branco
MLB3654700248;78845;;7908670860463;Sofá Namoradeira Lana Corano Preto Base De Madeira - D'rossi Preto Liso
MLB3750067900;33919;-1;7908274410583;Poltrona Sala Decorativa Elisa Giratória Madeira Sintético Pu Nozes D03 - D'rossi Liso
MLB3828058360;57605;7908477253680;7908477245012;Adorno Coração Decorativo Deitado Dourado Em Cerâmica 10x11 Dourado
MLB3829717240;50908;;7908439287562;Poltrona Giratória Stella Suede Preto Base Madeira Mm30 Liso Preto Liso
MLB3831149160;54468;7908477228763;7908748163120;Poltrona Sala Decorativa Marisa Aço Industrial X Preto Suede Cinza Liso
MLB3391996875;57419;7908477251327;7908670802883;Kit 02 Poltronas Giovana Corino Preto Pés Palito Castanho Liso
MLB3389524845;74099;7908575983748;7908575983854;Espelho Com Moldura De Plastíco Rosê Alça Caramelo 65x43,5cm
MLB3391761919;74212;7908575990883;7908575992368;Poltrona Sher Tipo Costela Corano Branco Pés De Ferro Liso
MLB3399866891;33923;7908274409822;7908748143641;Poltrona Elisa Couro Nozes Com Linho Bege Pés Palito Desenho Do Tecido Liso
MLB3415514197;62697;7908477297257;7908477297455;Vaso Decorativo Barca Preto 17x63x17 Cm - D'rossi Vaso Bacia Decorativo
MLB3416464689;62805;7908477298513;7908477298520;Enfeite De Metal Com Base Em Madeira Família 10,5x27x4 Cm
MLB4065382856;57707;7908477253932;7908477247818;Bandeja Decorativa Quadrada D'rossi Metal Prata Espelhada 21cm
MLB4043371930;5440;-1;7899250187974;Quadro Decorativo Mdf Colorido 20x60 Lambreta - D'rossi Colorido
MLB4120393856;83631;7908748131440,7901017004100;7908748131440;Poltrona Sala Base Industrial Preto Elisa Sintético Pu Preto Preto Liso
MLB3507335983;57677;7908477253789;7908477245357;Escultura Elefante Em Poliresina Branco 21x26 Cm - D'rossi
MLB4148900848;36241;7890880287355,7908274469659;7908274469659;Quadro Decorativo Mdf Londres 24x24 Cm - D'rossi
MLB3489376115;57597;7908477253659;7908477244930;Adorno Coração Decorativo Prata Em Cerâmica 11x14 - D'rossi
MLB3489379041;57673;7908477253758;7908477245784;Escultura Mulher Em Porcelana Preto 25x10 Cm - D'rossi
MLB3501692615;62779;7908477298070,7908847610921;7908477298087;Pássaro Decorativo Em Cerâmica Rose 9x9x5 - D'rossi Rosa
MLB3489907593;39739;;7908274473656;Cadeira Allegra D'rossi Polipropileno Cor Bege Moderna Estrutura Resistente Liso Cinza-bege
MLB3514090951;77913;-1;7908670855759;Vaso Com Cacto Castelo De Fada Verde 14x6 Cm - D'rossi Verde
MLB3510810537;83743;7908748139774,7908940074187;7908748139774;Poltrona Amamentação Da Mamãe Com Balanço Luna Suede Bege Liso
MLB4251391458;60295;-1;7908477288590;Escultura Decorativa Elos Em Cerâmica Chumbo 12x15x8,5 Cinza
MLB4251497486;60405;7908477289023,7908575926899;7908477289023;Escultura Decorativa Mãos Em Poliresina Branco 17x10 Cm
MLB3542357885;82841;7908748134472,7908670853670;7908748134472;Sofá Namoradeira Stella Bouclê Grafite Pés Palito Castanho Liso
MLB3581551079;58095;7908477256698;7908477240475;Escultura Decorativa Metal Equilíbrio Preto D'rossi 17x14cm
MLB3595682545;63453;7908575904378;7908575904385;Placa Decorativa Lousa De Madeira Arebesco Flor P/ Pendurar
MLB3663500755;63455;7908575904415;7908575904422;Estátua Decorativa Pássaro Cerâmica Rosê 15x18x7cm D'rossi
MLB3663551169;62667;7908477296410;7908477296533;Sousplat Para Prato De Mesa Decorativo Cinza E Rose 33 Cm Liso
MLB1825459979;49548;7908439278065,7908940057524;7908439278065;Poltrona Stella Suede Bege Pés Palito Natural - D'rossi Bege Liso
MLB3752480882;49548;7908439278065,7908940057524;7908439278065;Poltrona Sala De Estar Pé Palito Natural Stella Suede Bege D'rossi Liso
MLB3617717277;67499;-1;7908575935761;Kit 2 Poltrona Decorativa Stella Corano Preto Pé Madeira Preto Liso
MLB3622771663;88843;7901017054570;7908748157365;Namoradeira E 2 Poltronas Pé Palito Nat Elisa Noz/lin Preto Cinza Liso
MLB3676552191;58145;7908477256803;7908477248884;Vaso Decorativo Em Cerâmica Preto 33x16 - D'rossi Liso
MLB3669278443;62671;7908477296434,7908477296557;7908477296557;Sousplat Para Prato De Mesa Branco Com Flores Em Rose 33 Cm
MLB2080322909;58581;7908477261555;7908670802517;Poltrona Giovana Corano Nozes Pés Palito Castanho - D'rossi Marrom Liso
MLB3829636666;42321;7908274491339;7908575998902;Poltrona Sala De Estar Giovana Suede Bege Pés Palito Castanho D'rossi Liso
MLB3360329493;39817;-1;7908439208536;D'rossi Stella Kit 2 Poltrona Pé Palito Corano Nozes Com Linho Bege Nozes/bege Liso
MLB3617779983;3326;;7890002175645;Cadeira Poltrona Decorativa Liz Corino Branco - D'rossi Liso
MLB2861101586;74214;7908575990845;7908575992375;Poltrona Sher Tipo Costela Corano Nozes Pés De Ferro Marrom Liso
MLB3860898708;74214;7908575990845;7908575992375;Poltrona Sher Orgânica Costela Corano Nozes Pés De Ferro Preto - D'rossi Interiores
MLB4440802230;24827;7908274441693;7890000231602;Puff Decorativo Londres Retangular Suede Grafite Com Strass
MLB1731800623;44412;7890880457512;7908477257602;Sousplast Redondo Natal 35cm Mesa Posta Bandeja Prata Prateado Natal
MLB5186394882;63447;7908575904316;7908575904323;Porta Objeto Decorativo Redondo De Metal Rosê 8x9x9 Cm Rosa
MLB3891902709;74246;7908575991583;7908575992702;Kit 2 Poltronas Sher Tipo Costela Corano Preto Pés De Ferro Liso
MLB3910654789;102509;;7908940057166;Cadeira De Sala De Jantar Moderno Kit 3 Gruvyer Nude Nude
MLB5175330394;40989;;7908439208949;Poltrona Giratória Stella Corano Nozes Com Linho Cinza A26 Cinza/marrom Liso
MLB5176888610;58878;7908477263290,7908940062498;7908477263290;Conjunto De Caixa De Livros Decorativos Para Ornamentação E Enfeite - Live Love Laugh - Porta Objetos
MLB5228893482;58139;7908477240741,7908477256773;7908477240741;Kit 6 Suculentas Artificiais Com Vaso Cerâmica Preto 8x4cm
MLB3943207285;63447;7908575904316;7908575904323;Porta Objeto Decorativo Redondo De Metal Rosê 8x9x9 Cm Rosa
MLB3943123061;42477;;7908274492510;Kit 02 Puffs Iron Suede Cinza Base Palito D'rossi
MLB5137906170;63443;;7908575904262;Gancho Decorativo D'rossi De Madeira Branco Preto De Parede 6x6x5cm Branco
MLB5350906126;62785;7908477298131;7908477298148;Enfeite Decorativo D'rossi Rosto Mulher Metal Preto 30x20cm Parede
MLB4034110265;83631;7908748131440,7901017004100;7908748131440;Poltrona Decorativa Elisa Corano Base Metálica Industrial Preto - D'rossi
MLB4219158951;62797;7908477298476;7908477298483;Bandeja De Palha Redonda 5x30x30 Cm - D'rossi
MLB4219204143;58253;7908477258203,7908477279604;7908477258203;Porta Talher De Natal Bota Seja Luz Vermelho D'rossi Em Tecido
MLB4219427763;58253;7908477258203,7908477279604;7908477258203;Porta Talher De Natal Bota Seja Luz Vermelho D'rossi Em Tecido
MLB4231838571;57917;7908477255578;7908477243742;Cachepot Em Cerâmica Dourado Com Base De Metal Preto 21cm Liso
MLB5831898564;33395;;7908274408160;Conjunto 4 Cadeiras Gruvyer Sala De Jantar Cozinha Varanda Preto Preto
MLB5831820754;58143;7908477256780;7908477241175;Tábua Decorativa Mármore Branco E Madeira 20 Cm - D'rossi Geométrico Branco/marrom
MLB5831820632;57729;-1;7908575999329;Namoradeira Giovana 02 Lugares Suede Azul Marinho Pés Palito Liso
MLB5831853810;57405;7908477251259;7908670802869;Kit 02 Poltronas Giovana Corino Bege Pés Palito Castanho Liso
MLB5829820844;57683;7908477253819;7908477247788;Quadro Decorativo Abstrato Preto: Mulher Sentada, Com Armação Preta
MLB5829549180;58649;7908477261890,7908477293631;7908477261890;Porta Vela Quadrado Natal Saúde Madeira E Dourado 7 Cm
MLB5829534336;62787;7908477298155;7908477298162;Enfeite De Metal De Parede Preto Corpo Mulher 30x20x1 Cm
MLB5829565274;36383;7908274469819,7890880346793;7908274469819;Vaso Placa Decorativo Para Flor 10x10 Cm Amarelo E Preto D'rossi
MLB5829037788;24631;;7890000230032;Sofá Retrô Compacta Jade Corino Bege - D'rossi Liso
MLB5828931666;58099;7908477256681;7908477241137;Escultura Decorativa Corpo Em Cerâmica Preta De 25 Cm Para Ambiente Preto
MLB5829433548;62685;7908477297219;7908477297417;Escultura Decorativa Máscara Cego Em Cerâmica Nude De 25 Cm
MLB4265821685;41379;7908274484881,7908940074200;7908274484881;Escrivaninha Mesa Computador Gamer Industrial 90cm Setup Home Office Preto E Nature Preto E Nature
MLB4265591809;52750;;7908103722290;Macaco Decorativo Cimento Bege D'rossi 12x8,5cm Estilo Contemporâneo
MLB4264915047;58141;7908477256766;7908477240758;Kit 06 Suculentas Artificial Sortida Vaso Branco 6x6 Cm
MLB4266177747;57763;7908477254601;7908477242127;Vaso Decorativo De Cerâmica Rosto Areia, Branco, 23 Cm De Altura
MLB5828879960;62681;7908477297097;7908477297295;Escultura Máscara Rosto Surdo Nude Em Cerâmica 25x15 Cm
MLB5828834462;54108;-1;7908477225359;Divã Chesterfield 165 Cm Capitonado Com Strass Suede Preto
MLB5828905910;57829;7908477254915;7908477240468;Escultura Decorativa Em Metal Preto Balanço 18x13,5 Cm
MLB5827679956;61175;7908477287142;7908477292719;Cabeceira La Italiana Para Cama Box King 195 Cm Suede Preto Preto
MLB5828825072;63429;7908575904132;7908575904149;Bandeja Decorativa Redonda Bambu D'rossi 26cm Para Aperitivos Bege
MLB4264761283;63429;7908575904132;7908575904149;Bandeja Decorativa Redonda Bambu D'rossi 26cm Para Aperitivos Bege
MLB4264252079;58141;7908477256766;7908477240758;Kit 06 Suculentas Artificial Sortida Vaso Branco 6x6 Cm
MLB4263986531;58157;7908477256834;7908477243100;Vaso Decorativo Metal Para Pendurar Rosê E Preto 29x33 Cm Cobre Abstrato
MLB4263737165;63461;7908575904392;7908575904408;Placa Decorativa Lousa De Madeira Flor P/ Pendurar 11x15x1cm Preto
MLB4263465153;58886;7908477263337,7908940062429;7908477263337;Caixa Livro Decorativo D'rossi Para Ornamentação Lavanda 27x17x5cm Florido
MLB4306201037;62697;7908477297257;7908477297455;Vaso Decorativo Barca Preto 17x63x17 Cm - D'rossi Vaso Bacia Decorativo
MLB5966431804;58255;7908477258210,7908477279314;7908477258210;Porta Talher De Natal Bota Seja Luz Verde 20x14 Cm - D'rossi
MLB5965874456;59949;7908477272933;790847727293;Cabeceira Stambul Para Cama Box Casal 140 Cm Corino Preto
MLB4360778475;52750;;7908103722290;Macaco Decorativo Cimento Bege D'rossi 12x8,5cm Estilo Contemporâneo
MLB6200731742;62791;7908477298193;7908477298209;Enfeite De Metal De Parede Preto Coração 30x20x1 Cm
MLB6207412970;102475;;7908940056930;Conjunto 2 Cadeiras De Jantar Dkr Decor Charles Eames Eiffel Cor Preto Liso Madeira
MLB4449915479;102475;;7908940056930;Kit 2 Cadeiras De Jantar Empório Tiffany Eames Wood Preto
MLB4449232433;58581;7908477261555;7908670802517;Poltrona Giovana Corano Nozes Pés Palito Castanho - D'rossi Cor Marrom Desenho Do Tecido Liso
MLB4502354463;81241;;7908748110209;Cristaleira Maju 2 Portas Freijó E Off White 71x185 Cm Freijó/off White
